﻿Designator,Footprint,Quantity,Value,LCSC Part #
"C1, C3",0603,2,10μF,
C2,0805,1,47μF,
"J1, J3, J4, J6",PinHeader_2x04_P2.54mm_Vertical,4,Conn_02x04_Top_Bottom,
J2,PinHeader_1x06_P2.54mm_Vertical,1,Conn_01x06_Pin,
"R1, R19, R2, R20, R21, R22, R29, R30, R47, R48, R49, R50",0402,12,10kΩ,
"R10, R11, R12, R13, R14, R15, R16, R17, R18, R3, R31, R32, R33, R34, R35, R36, R37, R38, R39, R4, R40, R41, R42, R43, R44, R45, R46, R5, R6, R7, R8, R9",0402,32,220Ω,
"R25, R26, R27, R28",0805,4,4.7kΩ,
"U1, U2",TSSOP-28_4.4x9.7mm_P0.65mm,2,PCA9685,
"U10, U3, U4, U5, U6, U7, U8, U9",SON50P300X200X80-13N,8,~,
